{
"parent": "noslabs:item/glasspane-full",
"textures": {
    "front": "noslabs:blocks/glass",
    "side": "noslabs:blocks/glasspane"
},
"elements": [ 
{
    "from": [ 7, 0, 0 ],
    "to": [ 9, 16, 16 ],
    "faces": {
        "down":  { "uv": [ 7, 0, 9, 16 ], "texture": "#side" },
        "up":    { "uv": [ 7, 0, 9, 16 ], "texture": "#side" },
        "north": { "uv": [ 7, 0, 9, 16 ], "texture": "#side" },
        "south": { "uv": [ 7, 0, 9, 16 ], "texture": "#side" },
        "west":  { "uv": [ 0, 0, 16, 16 ], "texture": "#front" },
        "east":  { "uv": [ 0, 0, 16, 16 ], "texture": "#front" }
    }
}
]
}