{
	"elements": [ 
	{
		"from": [ 7, 0, 0 ],
		"to": [ 9, 16, 16 ],
		"faces": {
			"down":  { "uv": [ 0, 0, 2, 16 ], "texture": "#texture" },
			"up":    { "uv": [ 0, 0, 2, 16 ], "texture": "#texture" },
			"north": { "uv": [ 0, 0, 2, 16 ], "texture": "#texture" },
			"south": { "uv": [ 0, 0, 2, 16 ], "texture": "#texture" },
			"west":  { "uv": [ 0, 0, 16, 16 ], "texture": "#texture" },
			"east":  { "uv": [ 0, 0, 16, 16 ], "texture": "#texture" }
		}
	}
	],
	"display": {
		"gui": {
			"rotation": [ 30, -45, 0 ],
			"translation": [ 0, 0, 0 ],
			"scale": [ 0.625, 0.625, 0.625 ]
		},
		"ground": {
			"rotation": [ 0, 0, 0 ],
			"translation": [ 0, 3, 0 ],
			"scale": [ 0.25, 0.25, 0.25 ]
		},
        "fixed": {
            "rotation": [ 0, 90, 0 ],
            "translation": [ 0, 0, 0 ],
            "scale":[ 0.5, 0.5, 0.5 ]
        },
		"thirdperson_righthand": {
			"rotation": [ 75, 45, 0 ],
			"translation": [ -1, 1, 0 ],
			"scale": [ 0.375, 0.375, 0.375 ]
		},
		"firstperson_righthand": {
			"rotation": [ 0, 45, 0 ],
			"translation": [ 0, 0, 0 ],
			"scale": [ 0.4, 0.4, 0.4 ]
		}

	}
}